,EGA,SSGA,SGGA,µ_plus_µ_GA
0,0.9416866606262813,0.6079301665610114,0.9969632395570758,0.9969079406677178
1,0.9633656855812177,0.9765417062164674,0.9718457566761312,0.997464117954157
2,0.9387398828182443,0.9430238521979933,0.7008094632774491,0.9974350142005881
